City_ID,City,Lat,Lng,Max Temp,Humidity,Cloudiness,Wind Speed,Country,Date
0,Katsuura,35.1333,140.3,80.71,86,36,7.58,JP,2022-08-07 00:53:53
1,Albany,42.6001,-73.9662,82.51,92,45,4.29,US,2022-08-07 00:49:33
2,Mahebourg,-20.4081,57.7,68.29,88,40,11.5,MU,2022-08-07 00:53:54
3,Gimbi,9.1667,35.8333,52.11,97,24,2.91,ET,2022-08-07 00:53:54
4,Rikitea,-23.1203,-134.9692,69.75,66,100,22.01,PF,2022-08-07 00:53:55
5,Dandong,40.1292,124.3947,77.02,96,100,6.44,CN,2022-08-07 00:53:55
6,Ribeira Grande,38.5167,-28.7,75.16,83,22,9.84,PT,2022-08-07 00:53:56
7,Padang,-0.9492,100.3543,75.25,69,57,2.93,ID,2022-08-07 00:53:56
8,Ushuaia,-54.8,-68.3,33.46,80,0,0.0,AR,2022-08-07 00:52:23
9,Hermanus,-34.4187,19.2345,55.8,82,96,20.98,ZA,2022-08-07 00:53:57
10,Gat,31.61,34.7642,79.48,100,0,3.62,IL,2022-08-07 00:53:57
11,Arraial Do Cabo,-22.9661,-42.0278,70.11,74,99,10.67,BR,2022-08-07 00:53:58
12,Polson,47.6936,-114.1632,77.49,34,24,2.62,US,2022-08-07 00:53:58
13,Capitao Poco,-1.7464,-47.0594,72.68,94,100,5.1,BR,2022-08-07 00:53:58
14,Murmashi,68.8154,32.8115,57.61,100,40,7.0,RU,2022-08-07 00:53:59
15,Faanui,-16.4833,-151.75,78.21,74,100,25.57,PF,2022-08-07 00:53:59
16,Busselton,-33.65,115.3333,54.61,77,5,8.14,AU,2022-08-07 00:54:00
17,Ola,59.5833,151.2833,59.07,78,4,10.33,RU,2022-08-07 00:54:00
18,Atar,20.5169,-13.0499,92.73,32,100,5.82,MR,2022-08-07 00:54:01
19,Ostrovnoy,68.0531,39.5131,63.66,86,100,22.66,RU,2022-08-07 00:54:01
20,Hithadhoo,-0.6,73.0833,82.2,73,100,10.16,MV,2022-08-07 00:54:01
21,Oranjemund,-28.55,16.4333,54.66,86,18,14.23,NA,2022-08-07 00:54:02
22,Tasiilaq,65.6145,-37.6368,40.95,92,100,19.95,GL,2022-08-07 00:53:20
23,Coquimbo,-29.9533,-71.3436,55.13,82,75,2.3,CL,2022-08-07 00:54:03
24,Avarua,-21.2078,-159.775,75.25,64,75,21.85,CK,2022-08-07 00:54:03
25,Dikson,73.5069,80.5464,40.57,97,100,7.36,RU,2022-08-07 00:52:16
26,Yulara,-25.2406,130.9889,58.26,35,0,14.81,AU,2022-08-07 00:54:04
27,Airai,-8.9266,125.4092,70.56,51,10,3.8,TL,2022-08-07 00:54:04
28,Yar-Sale,66.8333,70.8333,59.05,74,100,8.03,RU,2022-08-07 00:54:04
29,Zvishavane,-20.3267,30.0665,58.32,43,0,2.57,ZW,2022-08-07 00:54:05
30,Komatipoort,-25.4332,31.9548,65.75,74,90,3.65,ZA,2022-08-07 00:54:05
31,Kruisfontein,-34.0033,24.7314,54.88,89,100,12.97,ZA,2022-08-07 00:54:06
32,Cherskiy,68.75,161.3,44.47,65,64,17.87,RU,2022-08-07 00:54:06
33,Boa Vista,2.8197,-60.6733,84.18,65,0,2.3,BR,2022-08-07 00:54:07
34,Ilo,-17.6394,-71.3375,59.83,84,13,9.01,PE,2022-08-07 00:54:07
35,Juneau,58.3019,-134.4197,57.85,97,100,11.5,US,2022-08-07 00:49:16
36,Mataura,-46.1927,168.8643,42.48,98,100,4.18,NZ,2022-08-07 00:54:08
37,Gold Coast,-28.0,153.4333,69.91,61,0,8.05,AU,2022-08-07 00:54:08
38,New Norfolk,-42.7826,147.0587,47.71,76,86,1.72,AU,2022-08-07 00:54:09
39,Joshimath,30.5667,79.5667,71.26,96,100,2.08,IN,2022-08-07 00:54:09
40,Marienburg,54.0359,19.0266,57.11,80,0,6.53,PL,2022-08-07 00:54:09
41,Kahului,20.8947,-156.47,93.22,40,20,20.71,US,2022-08-07 00:52:28
42,Saint-Louis,16.3333,-15.0,80.24,63,100,13.33,SN,2022-08-07 00:54:10
43,Khatanga,71.9667,102.5,58.86,73,99,8.68,RU,2022-08-07 00:52:06
44,Qaqortoq,60.7167,-46.0333,43.39,93,75,4.38,GL,2022-08-07 00:54:11
45,Maunabo,18.0072,-65.8993,83.7,85,66,12.82,PR,2022-08-07 00:54:11
46,Punta Arenas,-53.15,-70.9167,39.31,87,100,9.22,CL,2022-08-07 00:54:12
47,Butaritari,3.0707,172.7902,81.25,80,67,15.93,KI,2022-08-07 00:55:12
48,Aklavik,68.2191,-135.0107,50.38,78,57,19.98,CA,2022-08-07 00:55:13
49,Hami,42.8,93.45,87.4,19,98,18.05,CN,2022-08-07 00:55:13
50,Ponta Do Sol,32.6667,-17.1,72.01,72,0,5.1,PT,2022-08-07 00:55:13
51,Dalvik,65.9702,-18.5286,48.13,84,96,2.93,IS,2022-08-07 00:55:14
52,Iqaluit,63.7506,-68.5145,55.13,62,75,14.97,CA,2022-08-07 00:55:14
53,Barrow,71.2906,-156.7887,37.42,81,40,10.36,US,2022-08-07 00:55:15
54,Port Elizabeth,-33.918,25.5701,57.49,94,100,11.5,ZA,2022-08-07 00:55:15
55,Mar Del Plata,-38.0023,-57.5575,48.22,75,100,3.0,AR,2022-08-07 00:55:15
56,Tshela,-4.9833,12.9333,63.18,88,14,1.52,CD,2022-08-07 00:55:16
57,Kaeo,-35.1,173.7833,61.32,96,100,7.81,NZ,2022-08-07 00:55:16
58,Maneromango,-7.1988,38.7848,61.2,96,51,3.13,TZ,2022-08-07 00:55:17
59,Hobart,-42.8794,147.3294,48.06,84,20,5.75,AU,2022-08-07 00:55:17
60,Sitka,57.0531,-135.33,57.09,94,100,12.66,US,2022-08-07 00:55:18
61,Denpasar,-8.65,115.2167,76.71,94,75,4.61,ID,2022-08-07 00:53:56
62,Vaini,-21.2,-175.2,80.76,89,20,9.22,TO,2022-08-07 00:55:18
63,Manta,-0.95,-80.7333,73.18,83,100,10.36,EC,2022-08-07 00:53:18
64,Talnakh,69.4865,88.3972,51.21,75,1,7.65,RU,2022-08-07 00:54:33
65,Havelock,34.8791,-76.9013,84.18,84,0,5.75,US,2022-08-07 00:55:19
66,Bandarbeyla,9.4942,50.8122,76.28,75,48,27.27,SO,2022-08-07 00:55:20
67,Haines Junction,60.7522,-137.5108,64.35,39,100,10.36,CA,2022-08-07 00:55:20
68,Tuy Hoa,13.0833,109.3,79.36,81,100,9.48,VN,2022-08-07 00:55:20
69,Meulaboh,4.1363,96.1285,77.5,78,90,4.41,ID,2022-08-07 00:55:21
70,Santa Marta,11.2408,-74.199,80.65,78,75,8.05,CO,2022-08-07 00:55:21
71,College,64.8569,-147.8028,58.98,83,100,11.5,US,2022-08-07 00:55:22
72,San Juan,-31.5375,-68.5364,51.75,54,87,17.18,AR,2022-08-07 00:55:22
73,Atuona,-9.8,-139.0333,76.55,78,19,17.07,PF,2022-08-07 00:55:23
74,Jamestown,42.097,-79.2353,75.94,84,6,4.74,US,2022-08-07 00:55:23
75,Xichang,27.8964,102.2634,70.65,84,15,1.39,CN,2022-08-07 00:55:24
76,Rawah,34.4816,41.9093,91.31,20,0,15.17,IQ,2022-08-07 00:55:24
77,Muros,42.7762,-9.0603,64.69,94,1,1.86,ES,2022-08-07 00:55:25
78,Hilo,19.7297,-155.09,89.28,77,40,11.5,US,2022-08-07 00:52:06
79,Cayenne,4.9333,-52.3333,82.09,1,0,0.0,GF,2022-08-07 00:55:25
80,Whitehorse,60.7161,-135.0538,62.02,51,100,13.8,CA,2022-08-07 00:55:26
81,Nikolskoye,59.7035,30.7861,58.89,94,100,6.67,RU,2022-08-07 00:53:17
82,Foam Lake,51.65,-103.5343,68.02,48,22,5.57,CA,2022-08-07 00:55:27
83,Bredasdorp,-34.5322,20.0403,56.57,83,100,20.74,ZA,2022-08-07 00:54:43
84,Bilibino,68.0546,166.4372,54.75,57,90,18.63,RU,2022-08-07 00:55:27
85,Tiksi,71.6872,128.8694,42.04,83,100,18.14,RU,2022-08-07 00:55:28
86,Khandyga,62.6667,135.6,61.72,73,100,2.89,RU,2022-08-07 00:55:28
87,Kuryk,43.2,51.65,79.95,48,95,11.52,KZ,2022-08-07 00:55:29
88,Bluff,-46.6,168.3333,42.8,60,100,15.21,NZ,2022-08-07 00:55:29
89,South Sioux City,42.4739,-96.4136,80.55,77,75,16.11,US,2022-08-07 00:55:29
90,Abalak,58.1286,68.5944,62.22,77,100,6.22,RU,2022-08-07 00:55:30
91,Saint-Philippe,-21.3585,55.7679,67.59,77,16,2.33,RE,2022-08-07 00:55:30
92,East London,-33.0153,27.9116,61.12,83,100,13.49,ZA,2022-08-07 00:55:31
93,Houma,29.5958,-90.7195,84.2,83,40,1.99,US,2022-08-07 00:54:18
94,Bar-Le-Duc,48.75,5.1667,57.58,53,0,11.23,FR,2022-08-07 00:55:31
95,Lalganj,25.8667,85.1833,82.35,79,22,9.46,IN,2022-08-07 00:56:32
96,Vila,42.0304,-8.1588,59.7,83,0,3.11,PT,2022-08-07 00:56:32
97,Provideniya,64.3833,-173.3,52.07,80,61,10.6,RU,2022-08-07 00:56:33
98,Noyabrsk,63.1994,75.4507,57.4,80,100,9.84,RU,2022-08-07 00:52:10
99,Chuy,-33.6971,-53.4616,47.41,83,100,5.66,UY,2022-08-07 00:56:33
100,Cobija,-11.0267,-68.7692,72.66,97,100,2.26,BO,2022-08-07 00:56:34
101,Bay Roberts,47.5999,-53.2648,65.05,89,96,4.83,CA,2022-08-07 00:56:34
102,Ballina,-28.8667,153.5667,65.79,51,0,9.04,AU,2022-08-07 00:56:29
103,Port Alfred,-33.5906,26.891,57.18,95,100,4.0,ZA,2022-08-07 00:56:35
104,Batagay-Alyta,67.8006,130.4114,49.42,85,100,1.1,RU,2022-08-07 00:56:35
105,Touros,-5.1989,-35.4608,74.82,87,2,11.65,BR,2022-08-07 00:56:35
106,Hofn,64.2539,-15.2082,52.54,90,99,2.19,IS,2022-08-07 00:56:36
107,Ambon,-3.6954,128.1814,82.54,83,40,3.44,ID,2022-08-07 00:56:36
108,Cairns,-16.9167,145.7667,82.11,71,100,9.22,AU,2022-08-07 00:56:37
109,Lafia,8.4833,8.5167,72.5,92,22,3.96,NG,2022-08-07 00:56:37
110,Palu,-0.8917,119.8707,76.19,96,100,1.05,ID,2022-08-07 00:56:37
111,Codrington,-38.2667,141.9667,51.03,68,99,5.53,AU,2022-08-07 00:56:38
112,Coahuayana,18.7333,-103.6833,76.24,96,100,2.26,MX,2022-08-07 00:56:38
113,Skibbereen,51.55,-9.2667,55.11,91,0,4.59,IE,2022-08-07 00:56:39
114,Domna,51.8971,113.1573,57.36,58,11,11.18,RU,2022-08-07 00:56:39
115,Cayeli,41.0923,40.7292,72.75,87,3,2.59,TR,2022-08-07 00:56:39
116,Puerto Baquerizo Moreno,-0.9,-89.6,68.83,85,73,13.8,EC,2022-08-07 00:56:40
117,Lebu,-37.6167,-73.65,48.6,95,100,6.87,CL,2022-08-07 00:56:40
118,Bull Savanna,17.8868,-77.5902,78.15,81,100,10.27,JM,2022-08-07 00:56:41
119,Pevek,69.7008,170.3133,31.95,97,100,14.36,RU,2022-08-07 00:56:41
120,Terrace Bay,48.7834,-87.1,59.05,65,17,7.9,CA,2022-08-07 00:56:42
121,Mineiros,-17.5694,-52.5511,72.23,27,100,3.96,BR,2022-08-07 00:56:42
122,Chokurdakh,70.6333,147.9167,49.53,49,88,8.81,RU,2022-08-07 00:56:43
123,Bolokhovo,54.0936,37.8183,65.95,74,9,4.34,RU,2022-08-07 00:56:43
124,Aberdeen,57.1437,-2.0981,58.5,85,100,6.91,GB,2022-08-07 00:56:43
125,Rochegda,62.8,43.25,63.73,78,0,7.56,RU,2022-08-07 00:56:44
126,Saldanha,-33.0117,17.9442,55.45,77,100,8.39,ZA,2022-08-07 00:56:44
127,Saskylakh,71.9167,114.0833,50.32,60,100,10.25,RU,2022-08-07 00:56:45
128,Te Anau,-45.4167,167.7167,38.16,94,96,5.66,NZ,2022-08-07 00:56:45
129,Ust-Maya,60.4167,134.5333,63.16,64,100,13.65,RU,2022-08-07 00:56:45
130,Talara,-4.5772,-81.2719,63.16,89,18,21.79,PE,2022-08-07 00:56:46
131,Bambous Virieux,-20.3428,57.7575,68.25,88,40,11.5,MU,2022-08-07 00:56:46
132,Prince Rupert,54.3161,-130.3201,66.29,80,100,3.44,CA,2022-08-07 00:52:21
133,Esperance,-33.8667,121.9,56.01,68,44,17.78,AU,2022-08-07 00:56:47
134,Puerto Ayora,-0.7393,-90.3518,69.55,93,79,4.0,EC,2022-08-07 00:56:47
135,Novhorodka,48.3651,32.6578,69.48,68,5,7.76,UA,2022-08-07 00:56:48
136,Portland,45.5234,-122.6762,94.5,29,0,7.0,US,2022-08-07 00:56:06
137,Clyde River,70.4692,-68.5914,39.43,93,100,18.41,CA,2022-08-07 00:54:39
138,Longyearbyen,78.2186,15.6401,48.04,93,75,8.05,SJ,2022-08-07 00:56:49
139,Evanston,42.0411,-87.6901,88.97,67,100,1.99,US,2022-08-07 00:56:49
140,Hinton,53.4001,-117.5857,65.55,51,99,3.87,CA,2022-08-07 00:56:49
141,Okhotsk,59.3833,143.3,58.73,82,100,17.47,RU,2022-08-07 00:56:50
142,Beringovskiy,63.05,179.3167,52.09,90,100,5.84,RU,2022-08-07 00:56:50
143,Rosarito,32.3333,-117.0333,96.4,64,18,14.2,MX,2022-08-07 00:56:51
144,Cape Town,-33.9258,18.4232,57.88,84,0,4.61,ZA,2022-08-07 00:56:51
145,Akodia,23.3833,76.6,77.09,90,100,5.7,IN,2022-08-07 00:57:52
146,Kodiak,57.79,-152.4072,57.36,62,97,14.65,US,2022-08-07 00:57:52
147,Russell,32.3502,-85.1999,81.91,74,0,4.61,US,2022-08-07 00:55:13
148,Najran,17.4924,44.1277,79.45,55,99,7.18,SA,2022-08-07 00:57:53
149,Sao Filipe,14.8961,-24.4956,78.37,86,86,2.95,CV,2022-08-07 00:57:54
150,Upernavik,72.7868,-56.1549,40.48,90,50,12.68,GL,2022-08-07 00:57:54
151,Coihaique,-45.5752,-72.0662,37.35,65,75,6.91,CL,2022-08-07 00:57:54
152,Groningen,53.25,6.75,53.04,88,91,1.14,NL,2022-08-07 00:56:10
153,Teknaf,20.8624,92.3058,80.78,86,16,10.96,BD,2022-08-07 00:57:55
154,Hurghada,27.2574,33.8129,89.64,48,0,14.97,EG,2022-08-07 00:57:56
155,Port Hardy,50.6996,-127.4199,64.58,77,20,13.8,CA,2022-08-07 00:54:32
156,Sur,22.5667,59.5289,85.98,65,72,3.0,OM,2022-08-07 00:57:56
157,Trat,12.5,102.5,80.87,98,100,10.4,TH,2022-08-07 00:57:57
158,Narsaq,60.9167,-46.05,43.61,94,91,2.86,GL,2022-08-07 00:57:57
159,Funadhoo,6.15,73.2667,80.51,83,60,18.28,MV,2022-08-07 00:57:58
160,Colares,38.7992,-9.4469,67.33,76,0,11.99,PT,2022-08-07 00:57:58
161,Brookhaven,31.5791,-90.4407,77.25,74,33,4.83,US,2022-08-07 00:54:59
162,Muroto,33.2833,134.15,83.75,74,28,4.83,JP,2022-08-07 00:57:59
163,San Carlos De Bariloche,-41.1456,-71.3082,34.25,93,100,9.22,AR,2022-08-07 00:53:59
164,Qaanaaq,77.484,-69.3632,40.57,65,11,2.33,GL,2022-08-07 00:58:00
165,Bengkulu,-3.8004,102.2655,77.56,77,19,3.8,ID,2022-08-07 00:58:00
166,Gorontalo,0.5412,123.0595,80.58,78,100,2.13,ID,2022-08-07 00:58:00
167,Tuktoyaktuk,69.4541,-133.0374,53.6,94,100,18.41,CA,2022-08-07 00:54:34
168,Bowen,-20.0167,148.2333,71.17,84,100,1.59,AU,2022-08-07 00:53:19
169,Edgewater,28.9889,-80.9023,84.09,83,0,5.75,US,2022-08-07 00:58:02
170,Mayo,38.8876,-76.5119,84.2,89,100,1.01,US,2022-08-07 00:58:02
171,Kapaa,22.0752,-159.319,82.11,80,22,4.0,US,2022-08-07 00:58:03
172,Dukat,62.55,155.55,67.93,50,100,10.11,RU,2022-08-07 00:58:03
173,Georgetown,5.4112,100.3354,84.88,87,20,3.44,MY,2022-08-07 00:54:04
174,Broome,42.2506,-75.833,80.65,76,90,4.0,US,2022-08-07 00:58:04
175,Havre-Saint-Pierre,50.2334,-63.5986,61.16,72,100,0.0,CA,2022-08-07 00:58:05
176,Plettenberg Bay,-34.0527,23.3716,57.74,85,57,16.02,ZA,2022-08-07 00:54:36
177,Luderitz,-26.6481,15.1594,54.81,96,94,9.26,NA,2022-08-07 00:58:05
178,Marzuq,14.4,46.4667,76.53,54,100,7.67,YE,2022-08-07 00:58:06
179,Ilulissat,69.2167,-51.1,36.73,97,89,5.61,GL,2022-08-07 00:58:06
180,Egvekinot,66.3167,-179.1667,51.53,51,100,4.76,RU,2022-08-07 00:58:07
181,Roma,43.2128,-75.4557,78.87,94,14,3.33,US,2022-08-07 00:58:07
182,Thinadhoo,0.5333,72.9333,82.47,73,100,11.54,MV,2022-08-07 00:58:08
183,Dali,25.7,100.1833,67.08,86,65,2.77,CN,2022-08-07 00:58:08
184,Usinsk,65.9939,57.5281,64.71,77,0,9.98,RU,2022-08-07 00:58:09
185,Amberley,39.2048,-84.428,79.12,87,9,1.01,US,2022-08-07 00:58:10
186,Nizhniy Odes,63.6445,54.856,62.6,76,5,4.61,RU,2022-08-07 00:59:10
187,Henties Bay,-22.116,14.2845,55.99,88,66,4.34,NA,2022-08-07 00:59:12
188,Bethel,41.3712,-73.414,81.86,80,67,1.01,US,2022-08-07 00:59:12
189,Shihezi,44.3,86.0333,82.09,29,6,4.59,CN,2022-08-07 00:59:13
190,Manzanillo,20.3433,-77.1167,81.52,71,90,8.7,CU,2022-08-07 00:59:13
191,Solnechnyy,50.7214,136.6319,70.12,90,100,3.22,RU,2022-08-07 00:59:15
192,Nicoya,10.1483,-85.452,73.78,92,100,5.17,CR,2022-08-07 00:59:15
193,Lazaro Cardenas,17.9583,-102.2,78.48,87,100,4.32,MX,2022-08-07 00:59:15
194,Kieta,-6.2167,155.6333,84.72,70,100,6.76,PG,2022-08-07 00:59:17
195,Mahibadhoo,3.7833,72.9667,81.91,77,100,15.55,MV,2022-08-07 00:59:18
196,Kedrovyy,56.1667,91.8167,55.87,62,21,2.48,RU,2022-08-07 00:59:19
197,Mahanoro,-19.9,48.8,62.83,91,3,4.29,MG,2022-08-07 00:59:19
198,Lesozavodsk,45.4794,133.4244,79.74,72,77,10.04,RU,2022-08-07 00:59:20
199,Bathsheba,13.2167,-59.5167,80.06,97,75,17.27,BB,2022-08-07 00:59:20
200,Nandyal,15.4833,78.4833,76.41,84,100,10.78,IN,2022-08-07 00:59:22
201,Kamenka,51.3223,42.7678,68.43,45,73,8.37,RU,2022-08-07 00:59:22
202,Eregli,37.5133,34.0467,70.54,47,0,5.77,TR,2022-08-07 00:59:22
203,Vanimo,-2.6741,141.3028,84.69,66,91,4.34,PG,2022-08-07 00:59:23
204,Tucuma,-0.1833,-50.05,76.15,83,95,6.73,BR,2022-08-07 00:59:24
205,Vanavara,60.34,102.2797,54.12,90,100,9.95,RU,2022-08-07 00:59:24
206,Maues,-3.3836,-57.7186,78.26,67,93,3.11,BR,2022-08-07 00:59:25
207,Gisborne,-38.6533,178.0042,60.48,80,100,7.78,NZ,2022-08-07 00:59:25
208,Pisco,-13.7,-76.2167,62.65,77,0,4.61,PE,2022-08-07 00:59:26
209,Koygorodok,60.445,50.9968,61.66,84,34,3.24,RU,2022-08-07 00:59:26
210,Hai Duong,20.9333,106.3167,77.0,94,100,2.86,VN,2022-08-07 00:59:27
211,Sangueya,10.7,-14.3667,73.74,99,100,0.94,GN,2022-08-07 00:59:28
212,Malayal,7.208,121.942,78.6,85,100,5.08,PH,2022-08-07 00:59:28
213,Esso,55.9333,158.7,74.07,61,64,2.95,RU,2022-08-07 00:59:29
214,Castro,-24.7911,-50.0119,53.08,95,100,6.38,BR,2022-08-07 00:59:29
215,Severo-Kurilsk,50.6789,156.125,56.44,74,100,9.55,RU,2022-08-07 00:59:30
216,Forest Grove,45.5198,-123.1107,93.29,25,0,4.0,US,2022-08-07 00:59:30
217,Saint Marys,30.7305,-81.5465,84.25,80,0,4.61,US,2022-08-07 00:55:34
218,Ipixuna,-1.7625,-48.8043,76.75,86,100,4.72,BR,2022-08-07 00:59:32
219,Husavik,66.0449,-17.3389,52.0,86,100,3.44,IS,2022-08-07 00:59:32
220,Qasigiannguit,68.8193,-51.1922,37.99,98,100,4.18,GL,2022-08-07 00:59:32
221,Cerignola,41.264,15.9005,77.9,43,0,7.43,IT,2022-08-07 00:59:33
222,Sambava,-14.2667,50.1667,65.66,86,5,8.63,MG,2022-08-07 00:59:33
223,Naze,28.3667,129.4833,85.12,73,0,2.15,JP,2022-08-07 00:59:34
224,Usak,38.5,29.4167,66.56,66,0,7.43,TR,2022-08-07 00:59:34
225,Tamale,9.4008,-0.8393,74.41,73,33,4.12,GH,2022-08-07 00:59:35
226,Myre,69.1036,15.9492,51.75,87,100,13.24,NO,2022-08-07 00:59:35
227,Presidencia Roque Saenz Pena,-26.7852,-60.4388,51.22,88,0,5.66,AR,2022-08-07 00:59:36
228,Monroe,43.1501,-77.6831,79.86,88,37,4.47,US,2022-08-07 00:55:32
229,Jumla,29.2747,82.1838,62.44,96,100,2.06,NP,2022-08-07 01:00:37
230,Sisophon,13.5859,102.9737,78.24,87,100,5.12,KH,2022-08-07 01:00:37
231,Frunze,48.6686,38.7544,67.89,41,6,4.41,UA,2022-08-07 01:00:38
232,Avila,40.5833,-5.0,72.64,33,0,4.92,ES,2022-08-07 01:00:38
233,Agaro,7.85,36.65,57.07,97,79,1.99,ET,2022-08-07 01:00:39
234,Kindu,-2.95,25.95,73.62,67,100,1.1,CD,2022-08-07 01:00:39
235,Morondava,-20.2833,44.2833,65.17,83,0,4.14,MG,2022-08-07 01:00:40
236,Arlit,18.7369,7.3853,96.58,23,18,3.87,NE,2022-08-07 01:00:41
237,Kiruna,67.8557,20.2251,49.12,71,100,13.8,SE,2022-08-07 01:00:41
238,Yellowknife,62.456,-114.3525,59.56,94,75,2.3,CA,2022-08-07 00:58:20
239,Fayetteville,35.0527,-78.8784,85.48,72,100,1.01,US,2022-08-07 00:59:32
240,Auki,-8.7676,160.7034,84.34,69,76,4.29,SB,2022-08-07 01:00:42
241,Manga,11.6636,-1.0731,77.72,73,100,5.06,BF,2022-08-07 01:00:43
242,Nemuro,43.3236,145.575,63.63,92,100,13.22,JP,2022-08-07 01:00:44
243,Mount Gambier,-37.8333,140.7667,49.41,76,100,3.33,AU,2022-08-07 01:00:44
244,Anadyr,64.75,177.4833,57.0,82,81,5.17,RU,2022-08-07 01:00:45
245,Cockburn Town,21.4612,-71.1419,82.06,80,3,20.33,TC,2022-08-07 01:00:45
246,Cabedelo,-6.9811,-34.8339,75.87,85,11,11.5,BR,2022-08-07 00:55:49
247,Lokosovo,61.1333,74.8167,59.04,89,99,7.02,RU,2022-08-07 01:00:46
248,Mykolayivka,47.5414,30.7561,71.64,60,0,6.73,UA,2022-08-07 01:00:46
249,Baculin,7.4525,126.5842,83.61,69,100,2.24,PH,2022-08-07 01:00:47
250,Hirara,24.8,125.2833,84.22,74,7,13.47,JP,2022-08-07 01:00:48
251,San Patricio,28.017,-97.5169,86.18,62,98,14.88,US,2022-08-07 00:59:41
252,Saint-Augustin,51.226,-58.6502,65.55,62,100,16.8,CA,2022-08-07 01:00:48
253,Nome,64.5011,-165.4064,55.17,67,93,10.45,US,2022-08-07 00:57:24
254,Chapais,49.7834,-74.8492,69.55,82,100,11.36,CA,2022-08-07 01:00:49
255,Victoria,22.2855,114.1577,88.25,84,99,4.0,HK,2022-08-07 00:57:45
256,Mamallapuram,12.6264,80.1722,82.45,68,100,12.3,IN,2022-08-07 01:00:50
257,Alihe,50.5667,123.7167,64.4,72,100,6.15,CN,2022-08-07 01:00:51
258,Lompoc,34.6391,-120.4579,83.79,76,0,28.01,US,2022-08-07 01:00:04
259,Falun,60.6036,15.626,47.95,95,76,2.08,SE,2022-08-07 00:59:38
260,Viedma,-40.8135,-62.9967,40.93,82,100,7.31,AR,2022-08-07 01:00:52
261,Kokoda,-8.8785,147.7407,89.06,41,24,5.1,PG,2022-08-07 01:00:52
262,Gimli,50.6336,-96.9907,61.52,62,100,2.55,CA,2022-08-07 01:00:52
263,Niamey,13.5137,2.1098,81.72,68,10,12.35,NE,2022-08-07 01:00:14
264,Fairbanks,64.8378,-147.7164,57.54,89,95,7.58,US,2022-08-07 01:00:04
265,Puerto Lumbreras,37.5633,-1.8097,73.04,62,0,1.86,ES,2022-08-07 01:00:53
266,Francisco Sa,-16.4758,-43.4883,72.3,48,0,16.53,BR,2022-08-07 01:00:54
267,Westerland,54.9079,8.3033,60.82,67,75,9.22,DE,2022-08-07 01:00:54
268,Krasnoselkup,65.7,82.4667,55.54,83,57,12.39,RU,2022-08-07 01:00:55
269,Vostok,46.4856,135.8833,75.87,69,98,1.99,RU,2022-08-07 01:00:52
270,Emerald,-23.5333,148.1667,64.35,51,0,8.03,AU,2022-08-07 00:59:22
271,Tsabong,-26.0217,22.401,63.12,32,8,8.48,BW,2022-08-07 01:00:56
272,Kapit,2.0167,112.9333,79.86,79,64,2.06,MY,2022-08-07 01:00:57
273,Cochrane,51.1834,-114.4687,77.9,31,11,5.84,CA,2022-08-07 01:00:09
274,Sola,-13.8833,167.55,80.87,74,15,17.18,VU,2022-08-07 01:00:57
275,Souillac,-20.5167,57.5167,68.07,84,13,8.23,MU,2022-08-07 01:00:58
276,Baoshan,46.5586,131.4244,78.42,65,100,3.4,CN,2022-08-07 01:01:59
277,Culfa,38.9558,45.6308,76.87,60,1,5.64,AZ,2022-08-07 01:01:59
278,Kultayevo,57.8943,55.9392,57.18,87,0,2.24,RU,2022-08-07 01:02:00
279,Yarmouth,41.7057,-70.2286,78.98,85,0,1.99,US,2022-08-07 01:02:00
280,Porto Novo,6.4965,2.6036,72.34,89,4,5.21,BJ,2022-08-07 01:00:33
281,Lavrentiya,65.5833,-171.0,49.86,69,76,9.95,RU,2022-08-07 01:02:01
282,Khash,28.2211,61.2158,76.32,19,4,2.93,IR,2022-08-07 01:02:01
283,Banda Aceh,5.5577,95.3222,80.04,75,100,10.36,ID,2022-08-07 01:02:02
284,Rincon,32.296,-81.2354,83.86,74,40,6.91,US,2022-08-07 01:02:02
285,Darnah,32.767,22.6367,79.2,73,0,20.38,LY,2022-08-07 01:02:03
286,La Libertad,-2.2333,-80.9,68.72,84,69,10.27,EC,2022-08-07 01:02:03
287,Nichinan,31.6,131.3667,87.58,66,7,2.21,JP,2022-08-07 01:02:04
288,Meadow Lake,34.8014,-106.5436,83.14,55,92,11.99,US,2022-08-07 01:02:04
289,Schleiden,50.5295,6.477,54.09,71,7,2.8,DE,2022-08-07 01:02:05
290,Matagami,49.7502,-77.6328,73.51,78,100,11.5,CA,2022-08-07 01:02:05
291,Dingle,10.9995,122.6711,74.08,96,100,1.74,PH,2022-08-07 01:02:06
292,Bodden Town,19.2833,-81.25,83.93,78,92,7.0,KY,2022-08-07 01:02:07
293,Brisbane,-27.4679,153.0281,69.85,46,0,14.97,AU,2022-08-07 00:58:13
294,Paracuru,-3.41,-39.0306,80.11,85,13,11.36,BR,2022-08-07 01:02:08
295,Sao Paulo De Olivenca,-3.3783,-68.8725,73.38,96,100,2.64,BR,2022-08-07 01:02:08
296,Kloulklubed,7.0419,134.2556,82.9,78,100,3.56,PW,2022-08-07 01:02:09
297,Thompson,55.7435,-97.8558,63.27,46,100,6.55,CA,2022-08-07 01:02:09
298,Sehithwa,-20.4667,22.7167,61.05,31,4,3.69,BW,2022-08-07 01:02:10
299,Quatre Cocos,-20.2078,57.7625,67.08,80,26,7.9,MU,2022-08-07 01:02:11
300,Rundu,-17.9333,19.7667,59.05,38,5,2.75,NA,2022-08-07 01:02:12
301,Rumuruti,0.267,36.5389,56.43,85,100,3.85,KE,2022-08-07 01:02:12
302,Vestmannaeyjar,63.4427,-20.2734,52.12,86,100,6.62,IS,2022-08-07 01:02:13
303,Goba,7.0167,39.9833,49.24,91,100,3.4,ET,2022-08-07 01:02:14
304,Barranca,-10.75,-77.7667,61.45,84,96,10.38,PE,2022-08-07 01:02:14
305,Kovdor,67.5662,30.4758,52.34,94,100,8.19,RU,2022-08-07 01:02:15
306,Cumberland,35.0502,-78.8664,85.48,72,100,1.01,US,2022-08-07 01:00:09
307,Caravelas,-17.7125,-39.2481,70.57,88,1,1.48,BR,2022-08-07 01:02:16
308,Hasaki,35.7333,140.8333,86.29,77,52,9.4,JP,2022-08-07 01:02:16
309,Curup,-3.4667,102.5333,71.2,85,20,1.05,ID,2022-08-07 01:02:17
310,Carnarvon,-24.8667,113.6333,63.55,60,0,14.61,AU,2022-08-07 01:02:17
311,Barcelona,41.3888,2.159,82.33,61,20,9.22,ES,2022-08-07 01:02:09
312,Torbay,47.6666,-52.7314,63.57,84,33,1.99,CA,2022-08-07 01:00:14
313,Salinopolis,-0.6136,-47.3561,79.47,80,97,11.63,BR,2022-08-07 01:00:13
314,Eten,-6.9081,-79.8642,62.33,85,16,14.43,PE,2022-08-07 01:02:18
315,Geraldton,-28.7667,114.6,55.81,94,40,12.66,AU,2022-08-07 01:02:19
316,Sao Jose Da Coroa Grande,-8.8978,-35.1478,73.92,86,10,9.1,BR,2022-08-07 01:02:19
317,Mannarakkat,10.9833,76.4667,74.88,98,100,4.56,IN,2022-08-07 01:02:20
318,Huarmey,-10.0681,-78.1522,62.71,87,54,11.52,PE,2022-08-07 01:02:21
319,Aldan,58.6031,125.3894,50.02,91,100,7.14,RU,2022-08-07 01:02:21
320,Labuan,5.2767,115.2417,80.96,72,95,8.34,MY,2022-08-07 01:02:22
321,Ndago,-4.6,34.35,59.31,62,72,11.41,TZ,2022-08-07 01:02:22
322,Dulce Nombre De Culmi,15.1,-85.5333,79.03,99,94,2.37,HN,2022-08-07 01:02:23
323,Shintomi,32.0785,131.4723,88.27,65,6,0.85,JP,2022-08-07 01:02:23
324,Mehamn,71.0357,27.8492,49.95,93,100,5.75,NO,2022-08-07 01:02:24
325,Lasa,46.6166,10.7002,60.37,95,100,0.94,IT,2022-08-07 01:03:24
326,Klaksvik,62.2266,-6.589,50.92,90,99,8.41,FO,2022-08-07 01:03:25
327,Qingdao,36.0986,120.3719,84.52,82,100,11.56,CN,2022-08-07 01:03:25
328,Bonthe,7.5264,-12.505,75.81,86,100,10.25,SL,2022-08-07 01:03:26
329,San Cristobal,7.7669,-72.225,75.38,88,100,1.16,VE,2022-08-07 00:58:39
330,Pochutla,15.7432,-96.4661,77.58,84,100,4.16,MX,2022-08-07 00:59:45
331,Chenzhou,25.8,113.0333,87.13,62,10,4.32,CN,2022-08-07 01:03:28
332,Kangaatsiaq,68.3065,-53.4641,41.7,93,100,10.67,GL,2022-08-07 01:03:28
333,Nizhniy Kuranakh,58.8353,125.4869,51.96,96,100,4.03,RU,2022-08-07 01:03:29
334,Catuday,16.2923,119.8062,79.3,81,100,13.6,PH,2022-08-07 01:03:30
335,Kavieng,-2.5744,150.7967,84.06,69,100,7.78,PG,2022-08-07 01:03:30
336,Shatrovo,56.5167,64.6333,63.1,80,100,6.53,RU,2022-08-07 01:03:31
337,Buala,-8.145,159.5921,86.29,64,22,6.29,SB,2022-08-07 01:03:31
338,Richards Bay,-28.783,32.0377,66.51,90,99,6.31,ZA,2022-08-07 01:03:32
339,Olga,43.7444,135.2892,78.49,78,66,1.95,RU,2022-08-07 01:03:33
340,Sarab,38.6066,44.9883,69.82,55,0,3.65,IR,2022-08-07 01:03:33
341,Bath,51.3779,-2.3591,60.49,80,69,5.14,GB,2022-08-07 01:00:20
342,Cabo San Lucas,22.8909,-109.9124,87.51,68,75,10.36,MX,2022-08-07 01:03:34
343,Komsomolskiy,40.4272,71.7189,76.78,32,0,1.79,UZ,2022-08-07 01:03:35
344,Beira,-19.8436,34.8389,65.25,90,0,5.41,MZ,2022-08-07 01:03:35
345,Vao,-22.6667,167.4833,74.79,79,16,12.75,NC,2022-08-07 01:03:36
346,Riyadh,24.6877,46.7219,96.94,18,6,9.01,SA,2022-08-07 01:00:00
347,Obera,-27.4871,-55.1199,51.91,98,98,3.4,AR,2022-08-07 01:03:36
348,Bonfim,3.0833,-59.95,78.66,77,44,1.59,BR,2022-08-07 01:03:37
349,Nongan,44.382,125.1685,69.84,98,100,11.27,CN,2022-08-07 01:03:38
350,Naron,43.5167,-8.1528,68.85,83,29,10.69,ES,2022-08-07 01:03:38
351,Sidi Ali,36.0998,0.4206,75.65,74,0,5.66,DZ,2022-08-07 01:03:38
352,Somogyvar,46.5814,17.6629,65.71,73,0,11.92,HU,2022-08-07 01:03:39
353,Kalemie,-5.9475,29.1947,69.53,63,27,2.51,CD,2022-08-07 01:03:39
354,Tura,25.5198,90.2201,76.41,92,87,2.71,IN,2022-08-07 01:03:40
355,Balasesti,46.1,27.6667,70.38,58,5,8.68,RO,2022-08-07 01:03:40
356,Marang,5.2056,103.2059,78.8,83,95,7.05,MY,2022-08-07 01:03:41
357,Batagay,67.6333,134.6333,57.24,86,100,3.04,RU,2022-08-07 01:03:42
358,Pryozerne,45.2698,36.3303,77.49,58,0,14.97,UA,2022-08-07 01:03:42
359,Poddorye,57.4695,31.1156,55.09,98,100,3.76,RU,2022-08-07 01:03:43
360,Cacoal,-11.4386,-61.4472,76.37,71,99,2.86,BR,2022-08-07 01:00:50
361,Avera,33.194,-82.5271,75.25,74,31,3.04,US,2022-08-07 01:03:44
362,Namibe,-15.1961,12.1522,61.3,87,0,7.74,AO,2022-08-07 01:03:44
363,Valle Hermoso,25.6667,-97.8333,85.93,63,98,15.17,MX,2022-08-07 01:03:45
364,Finnsnes,69.2296,17.9811,49.75,92,100,3.65,NO,2022-08-07 01:01:17
365,Hamilton,39.1834,-84.5333,79.81,87,6,3.18,US,2022-08-07 01:00:09
366,Bridgetown,13.1,-59.6167,79.93,94,75,14.97,BB,2022-08-07 01:03:46
367,Petropavlovsk-Kamchatskiy,53.0452,158.6483,57.79,77,75,4.47,RU,2022-08-07 01:03:47
368,Maniitsoq,65.4167,-52.9,40.66,93,100,18.05,GL,2022-08-07 01:03:48
369,Nueve De Julio,-35.4444,-60.8831,49.96,71,100,4.0,AR,2022-08-07 01:03:27
370,Lunglei,22.8833,92.7333,71.31,95,21,1.48,IN,2022-08-07 01:03:49
371,Bonito,-21.1211,-56.4819,71.56,62,100,5.73,BR,2022-08-07 01:04:49
372,Belaya Gora,68.5333,146.4167,61.11,48,100,10.56,RU,2022-08-07 01:04:50
373,San Ramon,37.7799,-121.978,80.94,58,0,17.27,US,2022-08-07 01:04:50
374,Porosozero,62.7191,32.727,54.75,91,100,11.14,RU,2022-08-07 01:04:51
375,Ponta Delgada,37.7333,-25.6667,74.12,83,40,5.75,PT,2022-08-07 01:04:51
376,Flinders,-34.5833,150.8552,63.05,57,7,8.01,AU,2022-08-07 01:04:52
377,Tessalit,20.1986,1.0114,88.12,39,13,14.65,ML,2022-08-07 01:04:52
378,Kichera,55.9375,110.0997,48.72,98,100,6.55,RU,2022-08-07 01:04:53
379,Sandwick,60.0,-1.25,55.22,100,100,21.85,GB,2022-08-07 01:04:53
380,Norman Wells,65.282,-126.8329,66.96,40,27,14.14,CA,2022-08-07 01:04:54
381,Solaro,44.8799,9.1732,68.68,87,23,1.01,IT,2022-08-07 01:04:54
382,Alekseyevsk,57.8406,108.3492,48.9,97,100,8.61,RU,2022-08-07 01:04:55
383,Calamba,14.2117,121.1653,81.05,89,100,3.36,PH,2022-08-07 01:04:55
384,Saint George,37.1041,-113.5841,98.26,17,0,10.36,US,2022-08-07 01:04:45
385,Itaituba,-4.2761,-55.9836,75.67,77,11,1.34,BR,2022-08-07 01:04:56
386,Carbonia,39.1672,8.5222,77.02,86,0,6.55,IT,2022-08-07 01:04:57
387,Churapcha,62.0025,132.4325,66.67,62,100,18.5,RU,2022-08-07 01:04:58
388,Bitung,1.4451,125.1824,83.25,75,100,9.42,ID,2022-08-07 01:04:58
389,Bilma,18.6853,12.9164,93.07,29,100,10.11,NE,2022-08-07 01:04:59
390,Sungaipenuh,-2.0833,101.3833,67.42,85,15,1.07,ID,2022-08-07 01:04:59
391,Shahrud,36.4182,54.9763,73.31,59,55,6.6,IR,2022-08-07 01:04:59
392,Leningradskiy,69.3833,178.4167,34.66,98,100,4.54,RU,2022-08-07 01:05:00
393,Brownsville,25.9018,-97.4975,86.09,70,0,12.66,US,2022-08-07 01:02:15
394,Yilan,24.757,121.753,95.02,59,99,4.68,TW,2022-08-07 01:05:01
395,Kirksville,40.1948,-92.5833,87.06,80,0,5.75,US,2022-08-07 01:05:02
396,Akyab,20.15,92.9,81.68,84,73,13.87,MM,2022-08-07 01:05:02
397,Zemio,5.0314,25.1361,66.24,97,100,1.68,CF,2022-08-07 01:05:03
398,Todos Santos,23.45,-110.2167,89.04,85,100,6.8,MX,2022-08-07 01:05:03
399,Zhanaozen,43.3,52.8,80.65,30,100,8.99,KZ,2022-08-07 01:05:04
400,Talakan,50.3167,130.3667,76.89,62,99,4.47,RU,2022-08-07 01:05:04
401,Yeppoon,-23.1333,150.7333,69.58,50,77,6.82,AU,2022-08-07 01:05:05
402,Zhezkazgan,47.8043,67.7144,65.25,43,0,11.81,KZ,2022-08-07 01:05:06
403,Floro,61.5996,5.0328,52.97,87,100,13.8,NO,2022-08-07 01:05:06
404,Jovellar,13.0695,123.5999,75.13,96,100,5.14,PH,2022-08-07 01:05:07
405,Leesburg,39.1157,-77.5636,82.94,84,0,5.75,US,2022-08-07 01:04:50
406,Melfort,52.8667,-104.6177,66.74,56,14,6.31,CA,2022-08-07 01:05:08
407,Ambilobe,-13.2,49.05,64.08,81,39,3.76,MG,2022-08-07 01:05:08
408,Concarneau,47.875,-3.9225,62.89,76,0,12.39,FR,2022-08-07 01:05:09
409,Mercedes,-34.6515,-59.4307,52.65,73,100,10.47,AR,2022-08-07 01:05:10
410,Tsiroanomandidy,-18.7667,46.0333,55.36,69,0,2.01,MG,2022-08-07 01:05:10
411,Biak,-0.9131,122.8766,76.03,86,100,6.6,ID,2022-08-07 01:05:11
412,Cidreira,-30.1811,-50.2056,55.67,81,100,12.1,BR,2022-08-07 01:05:11
413,Inuvik,68.3499,-133.7218,56.16,88,75,6.91,CA,2022-08-07 01:00:27
414,Boke,10.9409,-14.2967,73.62,99,100,2.8,GN,2022-08-07 01:05:12
415,Rovaniemi,66.5,25.7167,51.21,100,100,5.75,FI,2022-08-07 01:05:12
416,Yerbogachen,61.2767,108.0108,47.19,96,100,7.4,RU,2022-08-07 01:05:13
417,Talaya,61.3833,152.75,71.67,47,72,8.97,RU,2022-08-07 01:05:13
418,San Policarpo,12.1791,125.5072,77.31,89,100,5.35,PH,2022-08-07 01:05:14
419,Port Blair,11.6667,92.75,81.23,83,100,21.81,IN,2022-08-07 01:06:14
420,Laguna,38.421,-121.4238,94.14,37,0,9.22,US,2022-08-07 01:06:15
421,Mbekenyera,-10.0,38.9833,62.24,79,5,4.99,TZ,2022-08-07 01:06:15
422,Banting,2.8167,101.5,81.55,91,100,4.05,MY,2022-08-07 01:06:16
423,Sarahan,31.5167,77.8,64.36,95,94,0.76,IN,2022-08-07 01:06:16
424,Krasnogorskoye,52.2953,86.1979,56.97,72,0,2.33,RU,2022-08-07 01:06:17
425,Guadalupe,25.6833,-100.25,93.76,43,40,14.97,MX,2022-08-07 01:06:17
426,Linxia,35.6003,103.2064,77.52,56,100,2.68,CN,2022-08-07 01:06:18
427,Fortuna,40.5982,-124.1573,65.91,82,75,13.8,US,2022-08-07 01:06:18
428,Dubrovka,53.6907,33.5071,64.33,79,97,6.13,RU,2022-08-07 01:06:19
429,Altay,47.8667,88.1167,73.04,38,0,0.51,CN,2022-08-07 01:05:10
430,Port Lincoln,-34.7333,135.8667,56.12,59,6,11.14,AU,2022-08-07 01:06:20
431,Senador Jose Porfirio,-2.5908,-51.9542,78.71,75,93,2.66,BR,2022-08-07 01:06:20
432,Pital,2.2665,-75.8044,68.5,87,70,3.87,CO,2022-08-07 01:06:20
433,Guarda,40.5373,-7.2658,53.24,71,0,1.88,PT,2022-08-07 01:06:21
434,Celestun,20.8667,-90.4,81.99,76,23,15.08,MX,2022-08-07 01:06:21
435,Tautira,-17.7333,-149.15,75.65,77,73,23.49,PF,2022-08-07 01:06:22
436,San Rafael,-34.6177,-68.3301,37.44,94,100,12.01,AR,2022-08-07 01:03:07
437,Ouallam,14.3188,2.0866,84.74,63,0,12.95,NE,2022-08-07 01:06:23
438,Sao Joao Da Barra,-21.6403,-41.0511,70.41,78,100,9.64,BR,2022-08-07 01:04:17
439,Ahipara,-35.1667,173.1667,58.6,96,100,6.82,NZ,2022-08-07 01:06:25
440,Son La,21.3167,103.9,70.68,99,100,1.63,VN,2022-08-07 01:06:26
441,Kutum,14.2,24.6667,74.95,62,96,8.63,SD,2022-08-07 01:06:27
442,Teplodar,46.5059,30.3252,69.08,59,3,7.9,UA,2022-08-07 01:06:27
443,Skjervoy,70.0311,20.9714,53.6,80,100,9.57,NO,2022-08-07 01:06:28
444,Margate,51.3813,1.3862,60.69,81,100,1.01,GB,2022-08-07 01:02:11
445,Juventino Rosas,20.65,-101.0,73.76,51,100,15.03,MX,2022-08-07 01:06:29
446,Shenjiamen,29.9576,122.298,83.79,82,3,18.54,CN,2022-08-07 01:06:29
447,Isangel,-19.55,169.2667,81.95,68,3,7.74,VU,2022-08-07 01:06:30
448,Bhatkal,13.9667,74.5667,78.19,89,100,14.45,IN,2022-08-07 01:06:30
449,Quelimane,-17.8786,36.8883,65.21,90,0,2.95,MZ,2022-08-07 01:06:30
450,Vicuna,-30.0319,-70.7081,50.77,82,82,3.02,CL,2022-08-07 01:06:31
451,Puerto Leguizamo,-0.1934,-74.7819,73.29,89,58,1.68,CO,2022-08-07 01:06:31
452,Mossendjo,-2.9506,12.7261,65.12,79,6,1.34,CG,2022-08-07 01:06:32
453,Opuwo,-18.0607,13.84,61.79,34,0,2.84,NA,2022-08-07 01:06:32
454,Chynov,49.4068,14.8112,52.66,72,100,3.96,CZ,2022-08-07 01:06:33
455,Port Moresby,-9.4431,147.1797,82.89,71,16,5.97,PG,2022-08-07 01:06:33
456,Lewistown,40.5992,-77.5714,81.81,94,40,4.61,US,2022-08-07 01:06:34
457,Lagoa,39.05,-27.9833,74.01,85,9,14.25,PT,2022-08-07 01:06:34
458,Bontang,0.1333,117.5,76.51,87,100,7.2,ID,2022-08-07 01:06:35
459,Tucumcari,35.1717,-103.725,93.04,24,0,12.66,US,2022-08-07 01:06:35
460,Vysokogornyy,50.1167,139.15,72.0,72,91,2.68,RU,2022-08-07 01:06:36
461,Shimoda,34.6667,138.95,80.1,76,58,3.78,JP,2022-08-07 01:06:36
462,Karwar,14.8,74.1333,77.76,89,100,14.76,IN,2022-08-07 01:06:36
463,Zhigansk,66.7697,123.3711,51.93,98,100,6.73,RU,2022-08-07 01:06:37
464,Price,39.5994,-110.8107,83.46,28,0,21.85,US,2022-08-07 01:06:37
465,Raudeberg,61.9875,5.1352,51.87,74,100,12.68,NO,2022-08-07 01:06:38
466,Korla,41.7597,86.1469,83.93,27,70,11.83,CN,2022-08-07 01:06:38
467,Sol-Iletsk,51.1631,54.9918,66.4,51,40,8.12,RU,2022-08-07 01:07:39
468,Neiafu,-18.65,-173.9833,83.08,74,40,11.5,TO,2022-08-07 01:07:39
469,Navrongo,10.8956,-1.0921,78.26,66,79,5.17,GH,2022-08-07 01:07:39
470,Baracoa,20.3467,-74.4958,79.9,86,48,9.75,CU,2022-08-07 01:07:40
471,Calvia,39.5657,2.5062,78.08,77,1,1.7,ES,2022-08-07 01:07:41
472,Paita,-5.0892,-81.1144,64.02,82,16,18.95,PE,2022-08-07 01:07:41
473,Moranbah,-22.0016,148.0466,64.87,56,89,11.95,AU,2022-08-07 01:07:42
474,Eyl,7.9803,49.8164,75.47,71,72,23.82,SO,2022-08-07 01:07:43
475,Alofi,-19.0595,-169.9187,72.61,87,100,22.15,NU,2022-08-07 01:07:43
476,Buraydah,26.326,43.975,96.55,19,1,11.79,SA,2022-08-07 01:05:17
477,Grand Gaube,-20.0064,57.6608,67.37,79,1,1.01,MU,2022-08-07 01:07:44
478,Moscow,55.7522,37.6156,70.23,63,32,5.86,RU,2022-08-07 01:05:53
479,Cabra,37.4725,-4.4421,73.54,53,0,2.91,ES,2022-08-07 01:07:45
480,Grindavik,63.8424,-22.4338,48.67,100,100,8.05,IS,2022-08-07 01:07:45
481,Puerto Narino,-3.7703,-70.3831,73.51,97,100,2.1,CO,2022-08-07 01:07:45
482,Guerrero Negro,27.9769,-114.0611,74.41,79,82,16.84,MX,2022-08-07 01:07:46
483,Balkanabat,39.5108,54.3671,84.42,27,6,9.37,TM,2022-08-07 01:07:46
484,Rapid Valley,44.0625,-103.1463,74.71,43,100,13.8,US,2022-08-07 01:07:47
485,Roebourne,-20.7833,117.1333,67.23,23,5,14.12,AU,2022-08-07 01:07:47
486,Pierre,44.3683,-100.351,74.86,45,0,17.27,US,2022-08-07 01:07:48
487,Escarcega,18.6089,-90.7454,72.95,98,100,5.55,MX,2022-08-07 01:07:48
488,Colatina,-19.5394,-40.6306,66.94,89,23,2.64,BR,2022-08-07 01:07:49
489,Peleduy,59.6289,112.7406,48.88,95,100,11.12,RU,2022-08-07 01:07:49
490,Campbellsville,37.3434,-85.3419,70.72,84,21,4.45,US,2022-08-07 01:07:49
491,Kuching,1.55,110.3333,79.02,94,20,2.3,MY,2022-08-07 01:07:50
492,Namatanai,-3.6667,152.4333,84.27,68,100,4.52,PG,2022-08-07 01:07:50
493,Kashin,57.3592,37.6081,59.94,92,0,7.56,RU,2022-08-07 01:07:51
494,Sobolevo,54.4299,31.8996,63.1,98,100,6.26,RU,2022-08-07 01:07:51
495,Chilca,-12.5211,-76.7372,60.66,87,100,7.81,PE,2022-08-07 01:07:52
496,Lopatyn,50.2202,24.8483,59.54,95,100,12.71,UA,2022-08-07 01:07:52
497,Mendoza,-32.8908,-68.8272,45.1,73,87,9.55,AR,2022-08-07 01:07:53
498,Shelburne,44.0787,-80.2041,78.76,70,97,6.15,CA,2022-08-07 01:07:53
499,Atbasar,51.8,68.3333,63.05,61,93,6.73,KZ,2022-08-07 01:07:54
500,Aitape,-3.1374,142.3475,85.08,66,68,4.83,PG,2022-08-07 01:07:54
501,Saryg-Sep,51.5,95.6,57.96,43,0,2.51,RU,2022-08-07 01:07:54
502,Sorland,67.667,12.6934,51.66,84,100,18.5,NO,2022-08-07 01:07:55
503,Pangai,-19.8,-174.35,76.87,84,4,18.81,TO,2022-08-07 01:07:55
504,Rio Gallegos,-51.6226,-69.2181,33.85,100,75,2.3,AR,2022-08-07 01:07:56
505,Kingman,35.1894,-114.053,98.19,19,0,4.0,US,2022-08-07 01:07:56
506,Rossland,49.0831,-117.8022,77.61,17,5,4.5,CA,2022-08-07 01:07:57
507,Kudahuvadhoo,2.6708,72.8944,82.0,75,99,13.91,MV,2022-08-07 01:07:57
508,Dunedin,-45.8742,170.5036,39.79,92,100,8.01,NZ,2022-08-07 01:07:58
509,Balabac,7.9868,117.0645,82.38,77,100,15.57,PH,2022-08-07 01:07:58
510,Beloha,-25.1667,45.05,60.89,94,48,2.55,MG,2022-08-07 01:07:21
511,Lorengau,-2.0226,147.2712,84.4,68,76,5.97,PG,2022-08-07 01:09:00
512,Ocos,14.5094,-92.1933,78.98,78,99,2.95,GT,2022-08-07 01:09:00
513,Paka,4.6374,103.4368,79.14,78,85,6.24,MY,2022-08-07 01:09:01
514,San Jeronimo,-11.9472,-75.2829,50.59,85,100,1.14,PE,2022-08-07 01:09:01
515,Georgiyevka,43.0369,74.7114,64.44,72,40,2.24,KZ,2022-08-07 01:09:02
516,Prizren,42.2139,20.7397,65.84,46,9,3.02,XK,2022-08-07 01:09:03
517,Chemodanovka,53.2316,45.2474,61.75,68,0,3.09,RU,2022-08-07 01:09:03
518,Kavaratti,10.5669,72.642,80.42,83,100,24.09,IN,2022-08-07 01:09:03
519,Raga,8.4596,25.678,67.21,98,100,3.6,SS,2022-08-07 01:09:04
520,Indramayu,-6.3264,108.32,79.86,71,56,7.94,ID,2022-08-07 01:09:04
521,Pala,9.3642,14.9046,70.79,97,100,3.22,TD,2022-08-07 01:09:05
522,Dargaville,-35.9333,173.8833,58.71,94,100,8.34,NZ,2022-08-07 01:06:46
523,Aliartos,38.3667,23.1,78.89,60,0,4.76,GR,2022-08-07 01:09:05
524,Panaba,21.2833,-88.2667,81.73,74,1,14.94,MX,2022-08-07 01:09:06
525,Christchurch,-43.5333,172.6333,62.8,55,88,1.14,NZ,2022-08-07 01:08:22
526,Nuuk,64.1835,-51.7216,39.81,100,100,5.75,GL,2022-08-07 01:09:07
527,Daoukro,7.0591,-3.9631,66.87,95,5,2.73,CI,2022-08-07 01:09:07
528,Le Port,-20.9373,55.2919,68.25,76,24,4.99,RE,2022-08-07 01:09:08
529,Sooke,48.3746,-123.7276,82.89,62,15,3.71,CA,2022-08-07 01:09:08
530,Tuatapere,-46.1333,167.6833,39.76,84,100,8.1,NZ,2022-08-07 01:09:09
531,Ancud,-41.8697,-73.8203,43.23,81,100,9.24,CL,2022-08-07 01:09:09
532,Anqing,30.5092,117.0506,90.1,57,100,6.6,CN,2022-08-07 01:09:10
533,Adolfo Ruiz Cortines,25.75,-108.75,88.03,52,100,6.98,MX,2022-08-07 01:09:10
534,Matara,5.9485,80.5353,76.64,92,100,10.2,LK,2022-08-07 01:09:11
535,Aswan,24.0934,32.907,89.73,21,78,11.97,EG,2022-08-07 01:09:12
536,Hervey Bay,-25.2986,152.8535,68.02,52,0,11.01,AU,2022-08-07 01:09:12
537,Lata,40.1629,-8.3327,60.37,95,0,0.72,PT,2022-08-07 01:09:13
538,Wadi Musa,30.3222,35.4793,72.82,58,0,4.05,JO,2022-08-07 01:09:14
539,Saint-Joseph,-21.3667,55.6167,66.58,77,9,1.57,RE,2022-08-07 01:09:14
540,Nikolayevsk-Na-Amure,53.1406,140.73,67.55,86,100,1.74,RU,2022-08-07 01:09:15
541,Bayanday,53.0661,105.5139,53.26,78,23,11.88,RU,2022-08-07 01:09:15
542,Saint-Pierre,-21.3393,55.4781,67.91,64,100,3.44,RE,2022-08-07 01:09:16
543,Mogadishu,2.0371,45.3438,75.34,78,93,17.96,SO,2022-08-07 01:09:17
544,Troitsko-Pechorsk,62.7084,56.1964,63.61,77,6,3.87,RU,2022-08-07 01:09:17
545,Homer,59.6425,-151.5483,62.47,73,0,13.0,US,2022-08-07 01:09:18
546,Dodge City,37.7528,-100.0171,97.93,28,0,17.27,US,2022-08-07 01:04:28
547,Kirakira,-10.4544,161.9205,85.05,71,52,10.76,SB,2022-08-07 01:09:19
548,Novikovo,51.1537,37.8879,65.55,49,1,4.83,RU,2022-08-07 01:09:19
549,Bangkalan,-7.0455,112.7351,78.75,76,90,5.1,ID,2022-08-07 01:09:20
550,Sinnamary,5.3833,-52.95,78.84,84,59,9.78,GF,2022-08-07 01:09:20
551,Iisalmi,63.5592,27.1907,52.68,90,99,12.06,FI,2022-08-07 01:09:21
552,Iskateley,67.6803,53.1512,65.66,75,0,9.64,RU,2022-08-07 01:09:21
553,Nuevo Progreso,23.1667,-97.95,84.54,62,4,1.99,MX,2022-08-07 01:09:22
554,Kununurra,-15.7667,128.7333,84.18,30,7,9.22,AU,2022-08-07 01:05:49
555,Tigre,-34.426,-58.5796,53.55,79,75,10.36,AR,2022-08-07 01:09:23
556,El Colomo,19.05,-104.25,84.18,91,100,8.57,MX,2022-08-07 01:09:23
557,Salalah,17.0151,54.0924,77.09,100,100,5.75,OM,2022-08-07 01:09:24
558,Olafsvik,64.8945,-23.7142,51.64,90,100,9.46,IS,2022-08-07 01:04:40
559,Nouadhibou,20.931,-17.0347,71.49,94,98,14.14,MR,2022-08-07 01:09:24
560,Suffolk,40.8668,-72.7996,80.65,90,0,12.66,US,2022-08-07 01:07:12
561,Omsukchan,62.5333,155.8,70.48,47,100,7.43,RU,2022-08-07 01:10:25
562,Sai Buri,6.7013,101.6168,80.96,76,100,1.01,TH,2022-08-07 01:10:26
563,Nyimba,-14.5566,30.8149,63.54,39,0,2.51,ZM,2022-08-07 01:10:26
564,Ihlow,51.8833,13.3333,49.14,76,1,0.0,DE,2022-08-07 01:10:27
565,Farafangana,-22.8167,47.8333,64.78,92,13,5.08,MG,2022-08-07 01:10:27
566,Waingapu,-9.6567,120.2641,79.52,59,10,4.47,ID,2022-08-07 01:07:23
567,Vitre,48.1178,-1.2058,59.88,59,2,10.42,FR,2022-08-07 01:10:28
568,Kazuno,40.1836,140.7872,79.3,82,100,2.17,JP,2022-08-07 01:10:28
569,Lamu,-2.2717,40.902,71.82,78,23,18.21,KE,2022-08-07 01:10:29
570,Uzventis,55.7803,22.6547,50.07,90,0,6.26,LT,2022-08-07 01:10:29
571,Martvili,42.4144,42.3792,64.45,87,40,3.87,GE,2022-08-07 01:10:30
572,Herre,59.1,9.5667,53.91,72,100,4.61,NO,2022-08-07 01:10:30
573,Hermon,44.8101,-68.9134,77.0,87,20,9.22,US,2022-08-07 01:08:01
